{"Mean":{"confidence_interval":{"confidence_level":0.95,"lower_bound":1.1870587033110676,"upper_bound":1.404329362252331},"point_estimate":1.3240290495582463,"standard_error":0.06272730643647441},"Median":{"confidence_interval":{"confidence_level":0.95,"lower_bound":1.3513486433754665,"upper_bound":1.4160731470427135},"point_estimate":1.3842571538747186,"standard_error":0.021322360757205932},"MedianAbsDev":{"confidence_interval":{"confidence_level":0.95,"lower_bound":0.010506367144071653,"upper_bound":0.07922627812386905},"point_estimate":0.03242107860294416,"standard_error":0.025150750991446584},"Slope":{"confidence_interval":{"confidence_level":0.95,"lower_bound":1.3615986091455867,"upper_bound":1.390504859671255},"point_estimate":1.3783172368221783,"standard_error":0.007282210328704828},"StdDev":{"confidence_interval":{"confidence_level":0.95,"lower_bound":0.022016305439302414,"upper_bound":0.3208170892625069},"point_estimate":0.20868647041971483,"standard_error":0.1053515841966106}}