{"Mean":{"confidence_interval":{"confidence_level":0.95,"lower_bound":1.1780575330161103,"upper_bound":1.401043148931988},"point_estimate":1.3199655580770444,"standard_error":0.06486882247602005},"Median":{"confidence_interval":{"confidence_level":0.95,"lower_bound":1.3563223144230145,"upper_bound":1.4074951849555162},"point_estimate":1.3772397290406961,"standard_error":0.022189535673653026},"MedianAbsDev":{"confidence_interval":{"confidence_level":0.95,"lower_bound":0.005808771844719465,"upper_bound":0.06846916497067923},"point_estimate":0.037949097613853094,"standard_error":0.02348103779689032},"Slope":{"confidence_interval":{"confidence_level":0.95,"lower_bound":1.3632286463040175,"upper_bound":1.3972328454832876},"point_estimate":1.3807645013004872,"standard_error":0.008853903439557971},"StdDev":{"confidence_interval":{"confidence_level":0.95,"lower_bound":0.019685366205933665,"upper_bound":0.3330212438239589},"point_estimate":0.21648705347046904,"standard_error":0.11146477253051804}}