{"Mean":{"confidence_interval":{"confidence_level":0.95,"lower_bound":1.2305847320432475,"upper_bound":1.4145353876814215},"point_estimate":1.3470800537453296,"standard_error":0.05318603458765397},"Median":{"confidence_interval":{"confidence_level":0.95,"lower_bound":1.3721524110730121,"upper_bound":1.4199368531808163},"point_estimate":1.400264858322978,"standard_error":0.017612434849673328},"MedianAbsDev":{"confidence_interval":{"confidence_level":0.95,"lower_bound":0.00742589618956737,"upper_bound":0.06260471486757592},"point_estimate":0.03401392291529581,"standard_error":0.019793200146367304},"Slope":{"confidence_interval":{"confidence_level":0.95,"lower_bound":1.379935425394446,"upper_bound":1.4203869721755369},"point_estimate":1.3995762496171615,"standard_error":0.010559240246893682},"StdDev":{"confidence_interval":{"confidence_level":0.95,"lower_bound":0.017973724711429374,"upper_bound":0.27214900710635914},"point_estimate":0.1769693375976494,"standard_error":0.08984744886062457}}