{"Mean":{"confidence_interval":{"confidence_level":0.95,"lower_bound":1.1796958001403777,"upper_bound":1.3867704109338266},"point_estimate":1.3125134439558925,"standard_error":0.061196640301035304},"Median":{"confidence_interval":{"confidence_level":0.95,"lower_bound":1.359885555507292,"upper_bound":1.3800256102768245},"point_estimate":1.3699604142927386,"standard_error":0.015104196370656138},"MedianAbsDev":{"confidence_interval":{"confidence_level":0.95,"lower_bound":0.0032876576425886865,"upper_bound":0.049924873878502606},"point_estimate":0.012967314325296036,"standard_error":0.02087731498884473},"Slope":{"confidence_interval":{"confidence_level":0.95,"lower_bound":1.360903522624118,"upper_bound":1.3763758239482755},"point_estimate":1.3690830257063074,"standard_error":0.003867038226643261},"StdDev":{"confidence_interval":{"confidence_level":0.95,"lower_bound":0.007220219154411488,"upper_bound":0.31271004503511163},"point_estimate":0.20340205985157778,"standard_error":0.1082614029927262}}