{"Mean":{"confidence_interval":{"confidence_level":0.95,"lower_bound":1.1895607492351556,"upper_bound":1.384066626007527},"point_estimate":1.3113131820784854,"standard_error":0.055058133186187304},"Median":{"confidence_interval":{"confidence_level":0.95,"lower_bound":1.3334707536973576,"upper_bound":1.3894464564111673},"point_estimate":1.3526655916574257,"standard_error":0.018760845175888607},"MedianAbsDev":{"confidence_interval":{"confidence_level":0.95,"lower_bound":0.00409319538192203,"upper_bound":0.08380549939620088},"point_estimate":0.04077766684357239,"standard_error":0.02383739329557432},"Slope":{"confidence_interval":{"confidence_level":0.95,"lower_bound":1.3379806874460511,"upper_bound":1.4098058174862198},"point_estimate":1.3793273796573604,"standard_error":0.018795313549152263},"StdDev":{"confidence_interval":{"confidence_level":0.95,"lower_bound":0.020852182113933585,"upper_bound":0.281721005635994},"point_estimate":0.18337685714205876,"standard_error":0.09020407808432408}}